name,address,id
Tiger Jimenez,Ap #641-3441 Velit. St.,17399537
Tashya Simmons,202-2371 A Rd.,67323249
Fletcher Webb,Ap #590-8148 Orci. St.,94970052
Marsden Hayden,Ap #700-4441 Phasellus St.,56768235
Levi Tillman,700-5568 Aliquet Avenue,21513701
Paul Joyce,745-9420 Maecenas Ave,04694405
Melyssa Valdez,Ap #383-2099 Tellus Rd.,33256608
Clarke Reyes,895-5233 Mi Street,42126720
Tatyana Huff,Ap #207-5682 Enim. Road,14203766
Melyssa Kaufman,"P.O. Box 698, 9125 Vitae, Ave",04777743
Abraham Mcbride,"P.O. Box 641, 6931 At Road",24784671
Kaye George,4284 Turpis St.,15128841
Naomi Waters,"P.O. Box 640, 786 Pede Rd.",53662158
Akeem Hill,"P.O. Box 534, 3364 Maecenas Ave",77988425
Abbot Rush,833-2935 Morbi Street,91952838
Xander Goff,Ap #132-1973 Volutpat St.,22323019
Madonna Holloway,867-1767 Convallis Street,61683248
Irma Rodriguez,348-8908 Fringilla Av.,83348285
Sheila Morales,893-5696 Nulla St.,28543713
Lewis Thompson,Ap #512-8477 Mauris Rd.,91232923
Isaac Henderson,857-6727 Augue Rd.,18338924
Petra Chaney,"P.O. Box 186, 7886 Donec Rd.",54043792
Luke Marquez,Ap #439-5239 Praesent St.,04772502
Tashya Mcintyre,2050 Vehicula St.,72558705
Sydney William,Ap #902-1213 Ante Ave,65421345
Arden Lawson,Ap #888-9381 Eu Rd.,38648806
Kelsey Delacruz,Ap #195-5502 Cursus Rd.,25533857
Imelda Aguilar,Ap #767-4028 Nec Av.,14816157
Lucius Jarvis,2397 Sed Rd.,56621937
Erica Frederick,549-5687 Malesuada Road,28580646
Kaye Powers,3415 Pede Av.,03178175
Signe Fry,9634 Fusce Street,42282613
Bevis Hubbard,Ap #899-6420 Augue. Road,07399187
Timon Robles,Ap #633-3289 Ultricies Rd.,21859128
Samuel Buckley,532-2803 In St.,43423416
Clayton Fleming,Ap #887-1513 Sapien St.,17161983
Shaeleigh Knowles,"P.O. Box 452, 855 In St.",94877696
Dawn Moody,6332 Augue Rd.,61277421
Craig Waters,"7891 Ornare, St.",27617288
Ciaran Rose,Ap #961-6809 Sem Ave,55597822
Rahim Irwin,5692 Nisi Rd.,32338371
Neville Wood,Ap #471-5298 Ipsum. Ave,86634367
Calista Valencia,463-1194 Volutpat. Ave,15871306
Leila Guerrero,9955 Consectetuer St.,62378258
Indigo Wade,"P.O. Box 622, 6640 Aliquet, St.",15151456
Guy Frederick,695-8510 Ac St.,85222520
Velma Harding,690-8031 Molestie St.,39748787
Brendan Chase,Ap #775-7970 Mauris St.,79757731
Cameron Russo,578-5632 Lorem Road,03383860
Rinah Bush,"P.O. Box 334, 8689 Eget Rd.",28093226
Carly Nixon,291-1717 Integer Rd.,29317843
Brody Cobb,Ap #399-4541 Nam Ave,16800974
Nissim Wolfe,678-4893 Sit Rd.,71172513
Andrew Whitfield,Ap #422-6580 Leo. Road,56225696
Wynter Benson,"661-2859 Et, Road",45766852
Kyle Ferguson,608-8085 Nulla. St.,38525725
Ross Russo,Ap #775-9118 Lorem St.,52711487
Kirestin Hopkins,411-7353 Ligula. Ave,29414665
Noble Merrill,Ap #598-8710 Nulla. Avenue,24544477
Catherine Joyce,183-1168 Semper Rd.,74568255
Ethan Ward,5615 Erat St.,77925403
Colby Fox,856-9817 Dignissim St.,65785550
Jacob Chen,382-2786 Lectus. Av.,47697878
Quintessa Holt,6462 Nisl. Road,64073751
Jasper Fuller,215-3717 Sollicitudin Avenue,26317364
Seth Giles,Ap #406-3360 Tincidunt Ave,22908121
Rinah Griffith,Ap #448-434 Quis Rd.,76336112
Dante Gallegos,"P.O. Box 660, 7434 Dui, St.",46264615
Neil Lowe,Ap #833-7179 Donec Ave,22175458
Naida Clements,Ap #487-1219 Ipsum Rd.,17217528
Lee Mueller,Ap #107-1632 Fusce St.,53125618
Colin Bradley,198-7012 Mauris St.,88485577
Lavinia Humphrey,Ap #215-4294 Commodo Street,53171725
Thane Odom,Ap #294-5822 Nullam Rd.,54631754
Bianca Richardson,Ap #387-7859 Lobortis. Ave,36436786
Mark Barrera,"P.O. Box 521, 2525 Morbi Av.",07127188
Isabelle Luna,774-825 Quam Rd.,35825126
Kato Henderson,"P.O. Box 198, 2206 A, Avenue",71312072
Gisela Langley,"Ap #326-3586 Quis, Avenue",25426815
Lunea Norman,"Ap #870-5365 Non, Avenue",37288529
Tasha Deleon,"P.O. Box 419, 6315 Est, St.",61276110
Evangeline Kemp,853-6521 Nulla St.,92537112
Gretchen Leonard,Ap #765-7195 Proin Street,67669183
Hoyt Saunders,927-9256 Blandit Rd.,86953811
Declan Page,Ap #174-7256 Sed St.,44905293
Melvin Hooper,6124 Tristique St.,46591816
Leila Miles,659-9711 Placerat. Avenue,53382631
Kelsie Hutchinson,Ap #185-2021 Nulla Ave,71781418
Tamekah Pollard,674-2120 Lectus Street,34236576
Martina Booth,Ap #365-4740 Euismod Av.,66371087
Gareth Melendez,Ap #159-5602 Aliquet. St.,56886747
James Miranda,Ap #838-596 Aliquam Rd.,31160974
Mary Gaines,754-1229 Nisi Ave,44396817
Scott Barron,363 Etiam Ave,12358769
Beatrice Norton,"P.O. Box 813, 8082 Phasellus Road",45879668
Honorato Mckinney,1300 Donec Av.,64417288
Dexter Hickman,"252-5447 Convallis, St.",48641548
Ulric Caldwell,337-3038 Libero Rd.,17610621
Caesar Haney,451-9594 Penatibus Road,91451646
Alden Merritt,"Ap #961-6495 Id, St.",56674887
